{"cameraMode":{"drawMode":0,"name":"Shaded","section":"Shading Mode"},"sceneLighting":true,"audioPlay":false,"sceneViewState":{"m_AlwaysRefresh":false,"showFog":true,"showSkybox":true,"showFlares":true,"showImageEffects":true,"showParticleSystems":true,"showVisualEffectGraphs":true,"m_FxEnabled":true},"in2DMode":false,"pivot":{"x":1.3600000143051148,"y":1.2414577007293702,"z":-2.1860876083374025},"rotation":{"x":-0.022085148841142656,"y":-0.9677401781082153,"z":0.23374737799167634,"w":-0.09143542498350144},"size":0.39102041721343996,"orthographic":false}