{"cameraMode":{"drawMode":0,"name":"Shaded","section":"Shading Mode"},"sceneLighting":true,"audioPlay":false,"sceneViewState":{"m_AlwaysRefresh":false,"showFog":true,"showSkybox":true,"showFlares":true,"showImageEffects":true,"showParticleSystems":true,"showVisualEffectGraphs":true,"m_FxEnabled":true},"in2DMode":false,"pivot":{"x":1.788196325302124,"y":1.1342403888702393,"z":-0.961266040802002},"rotation":{"x":0.09105029702186585,"y":0.08355040103197098,"z":-0.007666378747671843,"w":0.9923068881034851},"size":0.795503556728363,"orthographic":false}